date,demand_kwh
2022-07-01,287131250.0
2022-07-02,263208000.0
2022-07-03,241187950.0
2022-07-04,266183350.0
2022-07-05,267613500.0
2022-07-06,270609200.0
2022-07-07,279999100.0
2022-07-08,284267700.0
2022-07-09,262262750.0
2022-07-10,245385000.0
2022-07-11,281635500.0
2022-07-12,280639900.0
2022-07-13,280180250.0
2022-07-14,286317700.0
2022-07-15,275108250.0
2022-07-16,251953800.0
2022-07-17,234039050.0
2022-07-18,239634900.0
2022-07-19,265732000.0
2022-07-20,273932000.0
2022-07-21,282613800.0
2022-07-22,276364300.0
2022-07-23,248582600.0
2022-07-24,245769250.0
2022-07-25,273239750.0
2022-07-26,285552500.0
2022-07-27,284925900.0
2022-07-28,293190400.0
2022-07-29,295964000.0
2022-07-30,266027000.0
2022-07-31,247106000.0
2022-08-01,293373500.0
2022-08-02,300568700.0
2022-08-03,303397000.0
2022-08-04,300028250.0
2022-08-05,294133300.0
2022-08-06,264511800.0
2022-08-07,256176350.0
2022-08-08,294069050.0
2022-08-09,299792750.0
2022-08-10,297934700.0
2022-08-11,278872550.0
2022-08-12,266308500.0
2022-08-13,248464150.0
2022-08-14,255485250.0
2022-08-15,259417750.0
2022-08-16,271611050.0
2022-08-17,267411150.0
2022-08-18,263466250.0
2022-08-19,275605150.0
2022-08-20,264187750.0
2022-08-21,246040850.0
2022-08-22,280538250.0
2022-08-23,290162500.0
2022-08-24,283963850.0
2022-08-25,273634650.0
2022-08-26,261116700.0
2022-08-27,240776250.0
2022-08-28,226178150.0
2022-08-29,254235500.0
2022-08-30,280780400.0
2022-08-31,278332800.0
2022-09-01,270093500.0
2022-09-02,253610500.0
2022-09-03,231682500.0
2022-09-04,222493350.0
2022-09-05,265684800.0
2022-09-06,252548500.0
2022-09-07,242055000.0
2022-09-08,239784250.0
2022-09-09,252814050.0
2022-09-10,233773500.0
2022-09-11,225759100.0
2022-09-12,267915000.0
2022-09-13,275412750.0
2022-09-14,282815650.0
2022-09-15,285288750.0
2022-09-16,284163350.0
2022-09-17,239105000.0
2022-09-18,212024500.0
2022-09-19,189972800.0
2022-09-20,208320600.0
2022-09-21,214672850.0
2022-09-22,220806000.0
2022-09-23,212053750.0
2022-09-24,200969350.0
2022-09-25,192522450.0
2022-09-26,227230000.0
2022-09-27,228212750.0
2022-09-28,224333000.0
2022-09-29,224304500.0
2022-09-30,224853700.0
2022-10-01,208631250.0
2022-10-02,200575000.0
2022-10-03,232431750.0
2022-10-04,240143100.0
2022-10-05,226340450.0
2022-10-06,214777250.0
2022-10-07,210936400.0
2022-10-08,194522500.0
2022-10-09,182262500.0
2022-10-10,184128250.0
2022-10-11,204105500.0
2022-10-12,204100500.0
2022-10-13,205006000.0
2022-10-14,212685750.0
2022-10-15,198045150.0
2022-10-16,186872500.0
2022-10-17,212499500.0
2022-10-18,205067450.0
2022-10-19,204655500.0
2022-10-20,203897800.0
2022-10-21,202665250.0
2022-10-22,192925750.0
2022-10-23,180183900.0
2022-10-24,200122000.0
2022-10-25,205474250.0
2022-10-26,203128500.0
2022-10-27,203916250.0
2022-10-28,203263050.0
2022-10-29,188712750.0
2022-10-30,179185100.0
2022-10-31,199419750.0
2022-11-01,210413000.0
2022-11-02,203771550.0
2022-11-03,192726750.0
2022-11-04,202297900.0
2022-11-05,189409250.0
2022-11-06,183245250.0
2022-11-07,202179650.0
2022-11-08,206195500.0
2022-11-09,208068750.0
2022-11-10,208410750.0
2022-11-11,206872750.0
2022-11-12,191419600.0
2022-11-13,185237250.0
2022-11-14,204113000.0
2022-11-15,210299000.0
2022-11-16,211064250.0
2022-11-17,216574150.0
2022-11-18,213675500.0
2022-11-19,201046750.0
2022-11-20,187998000.0
2022-11-21,204808250.0
2022-11-22,212841800.0
2022-11-23,201987250.0
2022-11-24,208436500.0
2022-11-25,211866750.0
2022-11-26,198260400.0
2022-11-27,186383500.0
2022-11-28,206115500.0
2022-11-29,216538000.0
2022-11-30,233514000.0
2022-12-01,246713000.0
2022-12-02,255197500.0
2022-12-03,232041650.0
2022-12-04,217665000.0
2022-12-05,246746000.0
2022-12-06,249419250.0
2022-12-07,251338050.0
2022-12-08,248776250.0
2022-12-09,245656050.0
2022-12-10,220780750.0
2022-12-11,209540000.0
2022-12-12,242721800.0
2022-12-13,246899750.0
2022-12-14,264794500.0
2022-12-15,270068000.0
2022-12-16,270952250.0
2022-12-17,265011900.0
2022-12-18,265517250.0
2022-12-19,295075000.0
2022-12-20,283823250.0
2022-12-21,286358000.0
2022-12-22,288420350.0
2022-12-23,311921750.0
2022-12-24,293167650.0
2022-12-25,258485000.0
2022-12-26,273359000.0
2022-12-27,267955750.0
2022-12-28,264969000.0
2022-12-29,246348250.0
2022-12-30,233259250.0
2022-12-31,225099000.0
2023-01-01,206382800.0
2023-01-02,211840000.0
2023-01-03,226349000.0
2023-01-04,245625750.0
2023-01-05,260099550.0
2023-01-06,271099750.0
2023-01-07,247760750.0
2023-01-08,231276000.0
2023-01-09,238591550.0
2023-01-10,249543250.0
2023-01-11,251810750.0
2023-01-12,250912000.0
2023-01-13,242485000.0
2023-01-14,218500700.0
2023-01-15,209021750.0
2023-01-16,250060250.0
2023-01-17,265024500.0
2023-01-18,271154250.0
2023-01-19,277131200.0
2023-01-20,274266000.0
2023-01-21,258487000.0
2023-01-22,252285750.0
2023-01-23,274016500.0
2023-01-24,311952000.0
2023-01-25,331519100.0
2023-01-26,318609000.0
2023-01-27,310363750.0
2023-01-28,290558250.0
2023-01-29,269411700.0
2023-01-30,280046500.0
2023-01-31,276888250.0
2023-02-01,269709500.0
2023-02-02,259984000.0
2023-02-03,260959350.0
2023-02-04,241877600.0
2023-02-05,234776750.0
2023-02-06,268352000.0
2023-02-07,266938750.0
2023-02-08,251590900.0
2023-02-09,257827250.0
2023-02-10,258075350.0
2023-02-11,224231500.0
2023-02-12,214114250.0
2023-02-13,243409700.0
2023-02-14,253502000.0
2023-02-15,262538000.0
2023-02-16,264749250.0
2023-02-17,256983750.0
2023-02-18,219064250.0
2023-02-19,204393750.0
2023-02-20,240455500.0
2023-02-21,262283750.0
2023-02-22,258302250.0
2023-02-23,241465050.0
2023-02-24,252955400.0
2023-02-25,229747000.0
2023-02-26,221933750.0
2023-02-27,248980000.0
2023-02-28,241994050.0
2023-03-01,235129000.0
2023-03-02,239269400.0
2023-03-03,247343750.0
2023-03-04,224044500.0
2023-03-05,201461250.0
2023-03-06,224487250.0
2023-03-07,224095100.0
2023-03-08,220302250.0
2023-03-09,214505000.0
2023-03-10,207236750.0
2023-03-11,193720500.0
2023-03-12,183266000.0
2023-03-13,225884750.0
2023-03-14,229660500.0
2023-03-15,219603000.0
2023-03-16,215809750.0
2023-03-17,222574350.0
2023-03-18,201613750.0
2023-03-19,191383000.0
2023-03-20,211899500.0
2023-03-21,207279000.0
2023-03-22,208096500.0
2023-03-23,211761000.0
2023-03-24,211388000.0
2023-03-25,197764800.0
2023-03-26,186433250.0
2023-03-27,209378500.0
2023-03-28,211320500.0
2023-03-29,213533000.0
2023-03-30,213805100.0
2023-03-31,207876500.0
2023-04-01,189726500.0
2023-04-02,179030000.0
2023-04-03,201320500.0
2023-04-04,203756900.0
2023-04-05,208294500.0
2023-04-06,208239000.0
2023-04-07,205957000.0
2023-04-08,192648800.0
2023-04-09,186142750.0
2023-04-10,203036750.0
2023-04-11,203691750.0
2023-04-12,205288750.0
2023-04-13,206413750.0
2023-04-14,208486100.0
2023-04-15,194021250.0
2023-04-16,179815750.0
2023-04-17,201465350.0
2023-04-18,205256150.0
2023-04-19,207273250.0
2023-04-20,207443750.0
2023-04-21,205783500.0
2023-04-22,188255500.0
2023-04-23,177928500.0
2023-04-24,206013750.0
2023-04-25,215560100.0
2023-04-26,205750250.0
2023-04-27,204706750.0
2023-04-28,205598950.0
2023-04-29,189954750.0
2023-04-30,171743500.0
2023-05-01,184803000.0
2023-05-02,186049500.0
2023-05-03,172192550.0
2023-05-04,170359000.0
2023-05-05,173489250.0
2023-05-06,182172500.0
2023-05-07,178551700.0
2023-05-08,194273750.0
2023-05-09,204007500.0
2023-05-10,205922250.0
2023-05-11,203546500.0
2023-05-12,203755250.0
2023-05-13,192766000.0
2023-05-14,177475750.0
2023-05-15,202836750.0
2023-05-16,211720850.0
2023-05-17,214594750.0
2023-05-18,213671500.0
2023-05-19,207908750.0
2023-05-20,189081500.0
2023-05-21,181647750.0
2023-05-22,199849700.0
2023-05-23,207098500.0
2023-05-24,207387750.0
2023-05-25,207008750.0
2023-05-26,212456000.0
2023-05-27,198178500.0
2023-05-28,192231200.0
2023-05-29,227785000.0
2023-05-30,228962250.0
2023-05-31,218390500.0
2023-06-01,222155400.0
2023-06-02,222058000.0
2023-06-03,201724900.0
2023-06-04,187363500.0
2023-06-05,205883750.0
2023-06-06,209217900.0
2023-06-07,217065000.0
2023-06-08,210143750.0
2023-06-09,217397000.0
2023-06-10,195109250.0
2023-06-11,187500500.0
2023-06-12,220628900.0
2023-06-13,230135250.0
2023-06-14,226608750.0
2023-06-15,226110750.0
2023-06-16,229384750.0
2023-06-17,208006450.0
2023-06-18,190830500.0
2023-06-19,230291150.0
2023-06-20,243037000.0
2023-06-21,233206250.0
2023-06-22,239072050.0
2023-06-23,234405500.0
2023-06-24,211389000.0
2023-06-25,196408250.0
2023-06-26,234500450.0
2023-06-27,255303000.0
2023-06-28,255200050.0
2023-06-29,256513750.0
2023-06-30,254437000.0
2023-07-01,222029850.0
2023-07-02,219995850.0
2023-07-03,242367250.0
2023-07-04,253539500.0
2023-07-05,253397700.0
2023-07-06,261096850.0
2023-07-07,259678850.0
2023-07-08,245600500.0
2023-07-09,226352250.0
2023-07-10,259735250.0
2023-07-11,272984850.0
2023-07-12,269461000.0
2023-07-13,273437850.0
2023-07-14,268706750.0
2023-07-15,257708600.0
2023-07-16,250325300.0
2023-07-17,266053750.0
2023-07-18,288618000.0
2023-07-19,274488750.0
2023-07-20,266366900.0
2023-07-21,268650900.0
2023-07-22,251192500.0
2023-07-23,247815250.0
2023-07-24,278454550.0
2023-07-25,279769650.0
2023-07-26,289232950.0
2023-07-27,293081250.0
2023-07-28,295597650.0
2023-07-29,273876450.0
2023-07-30,248054250.0
2023-07-31,277879250.0
2023-08-01,292023700.0
2023-08-02,296314500.0
2023-08-03,300576250.0
2023-08-04,299515150.0
2023-08-05,271747750.0
2023-08-06,253307250.0
2023-08-07,288318750.0
2023-08-08,280024650.0
2023-08-09,261358700.0
2023-08-10,262598850.0
2023-08-11,260744650.0
2023-08-12,246510100.0
2023-08-13,234141150.0
2023-08-14,241693900.0
2023-08-15,234948000.0
2023-08-16,251306100.0
2023-08-17,255890500.0
2023-08-18,263968000.0
2023-08-19,256966500.0
2023-08-20,248098600.0
2023-08-21,287776950.0
2023-08-22,296502500.0
2023-08-23,278640800.0
2023-08-24,285081400.0
2023-08-25,276796650.0
2023-08-26,251221900.0
2023-08-27,243585750.0
2023-08-28,284922500.0
2023-08-29,294519950.0
2023-08-30,282470000.0
2023-08-31,270670000.0
2023-09-01,261153850.0
2023-09-02,239562850.0
2023-09-03,241548000.0
2023-09-04,281527250.0
2023-09-05,270930050.0
2023-09-06,262042550.0
2023-09-07,264828000.0
2023-09-08,258536850.0
2023-09-09,234094700.0
2023-09-10,226131250.0
2023-09-11,254185100.0
2023-09-12,263063000.0
2023-09-13,262668150.0
2023-09-14,259326200.0
2023-09-15,262416500.0
2023-09-16,252912600.0
2023-09-17,230046300.0
2023-09-18,235581250.0
2023-09-19,260858000.0
2023-09-20,268104450.0
2023-09-21,260763500.0
2023-09-22,245078800.0
2023-09-23,218781950.0
2023-09-24,203715500.0
2023-09-25,241848450.0
2023-09-26,253416850.0
2023-09-27,263137850.0
2023-09-28,254380500.0
2023-09-29,249453500.0
2023-09-30,219860250.0
2023-10-01,197091000.0
2023-10-02,217491800.0
2023-10-03,218395750.0
2023-10-04,222035500.0
2023-10-05,214022000.0
2023-10-06,210155050.0
2023-10-07,195611000.0
2023-10-08,185016000.0
2023-10-09,195020350.0
2023-10-10,210172300.0
2023-10-11,212382150.0
2023-10-12,210235250.0
2023-10-13,208262750.0
2023-10-14,193520150.0
2023-10-15,180276000.0
2023-10-16,206098000.0
2023-10-17,207027100.0
2023-10-18,208753250.0
2023-10-19,210035350.0
2023-10-20,207489850.0
2023-10-21,186776750.0
2023-10-22,175353700.0
2023-10-23,198569000.0
2023-10-24,204379750.0
2023-10-25,207617500.0
2023-10-26,208090100.0
2023-10-27,204761450.0
2023-10-28,186829000.0
2023-10-29,178092250.0
2023-10-30,201417250.0
2023-10-31,206184850.0
2023-11-01,207096900.0
2023-11-02,208146500.0
2023-11-03,191124750.0
2023-11-04,187276550.0
2023-11-05,182081350.0
2023-11-06,208050300.0
2023-11-07,204406250.0
2023-11-08,206472000.0
2023-11-09,207807500.0
2023-11-10,210932750.0
2023-11-11,190861650.0
2023-11-12,194074950.0
2023-11-13,221819250.0
2023-11-14,226010150.0
2023-11-15,223664600.0
2023-11-16,228832800.0
2023-11-17,232725400.0
2023-11-18,222697200.0
2023-11-19,204574150.0
2023-11-20,220408850.0
2023-11-21,224184800.0
2023-11-22,219946250.0
2023-11-23,201932550.0
2023-11-24,232248700.0
2023-11-25,224081950.0
2023-11-26,204559450.0
2023-11-27,222063750.0
2023-11-28,225049500.0
2023-11-29,234942350.0
2023-11-30,246525550.0
2023-12-01,261441200.0
2023-12-02,235361600.0
2023-12-03,217169100.0
2023-12-04,239540300.0
2023-12-05,244269750.0
2023-12-06,240073500.0
2023-12-07,238560000.0
2023-12-08,240178350.0
2023-12-09,212224200.0
2023-12-10,194784400.0
2023-12-11,229348350.0
2023-12-12,231381250.0
2023-12-13,227967650.0
2023-12-14,229245700.0
2023-12-15,222811100.0
2023-12-16,226026200.0
2023-12-17,249555900.0
2023-12-18,286168900.0
2023-12-19,292642250.0
2023-12-20,282361150.0
2023-12-21,307023850.0
2023-12-22,316225300.0
2023-12-23,285844300.0
2023-12-24,259762500.0
2023-12-25,278060050.0
2023-12-26,271858650.0
2023-12-27,259483000.0
2023-12-28,240195850.0
2023-12-29,220380150.0
2023-12-30,209816700.0
2023-12-31,199685000.0
2024-01-01,189415750.0
2024-01-02,194716750.0
2024-01-03,213008750.0
2024-01-04,229983000.0
2024-01-05,250965750.0
2024-01-06,232335300.0
2024-01-07,240736000.0
2024-01-08,255961000.0
2024-01-09,271499100.0
2024-01-10,268121500.0
2024-01-11,259492900.0
2024-01-12,258188250.0
2024-01-13,238930750.0
2024-01-14,226595000.0
2024-01-15,251015500.0
2024-01-16,261818850.0
2024-01-17,255887850.0
2024-01-18,243464900.0
2024-01-19,244036150.0
2024-01-20,228570500.0
2024-01-21,213287100.0
2024-01-22,269749000.0
2024-01-23,313030250.0
2024-01-24,321097250.0
2024-01-25,301763550.0
2024-01-26,290138050.0
2024-01-27,259717050.0
2024-01-28,244353750.0
2024-01-29,274449100.0
2024-01-30,273872250.0
2024-01-31,260708050.0
2024-02-01,257036950.0
2024-02-02,258232550.0
2024-02-03,248210150.0
2024-02-04,229366350.0
2024-02-05,257207600.0
2024-02-06,257715200.0
2024-02-07,264164200.0
2024-02-08,263675750.0
2024-02-09,265994550.0
2024-02-10,242166900.0
2024-02-11,229253550.0
2024-02-12,236174050.0
2024-02-13,246288850.0
2024-02-14,239891350.0
2024-02-15,233395400.0
2024-02-16,242153750.0
2024-02-17,228409500.0
2024-02-18,202455050.0
2024-02-19,225471750.0
2024-02-20,228113250.0
2024-02-21,231739200.0
2024-02-22,241862550.0
2024-02-23,235468850.0
2024-02-24,230806750.0
2024-02-25,217687650.0
2024-02-26,243214650.0
2024-02-27,250271600.0
2024-02-28,252393500.0
2024-02-29,260852500.0
2024-03-01,253782500.0
2024-03-02,254274500.0
2024-03-03,236026000.0
2024-03-04,248762500.0
2024-03-05,251257500.0
2024-03-06,244650500.0
2024-03-07,244601500.0
2024-03-08,244492500.0
2024-03-09,230553000.0
2024-03-10,221005500.0
2024-03-11,245354000.0
2024-03-12,234090500.0
2024-03-13,234038500.0
2024-03-14,233774500.0
2024-03-15,227712000.0
2024-03-16,204999000.0
2024-03-17,193819000.0
2024-03-18,221225500.0
2024-03-19,235970500.0
2024-03-20,225976500.0
2024-03-21,245517500.0
2024-03-22,235656000.0
2024-03-23,205570500.0
2024-03-24,190945500.0
2024-03-25,215995000.0
2024-03-26,223149000.0
2024-03-27,221289500.0
2024-03-28,226089000.0
2024-03-29,210031000.0
2024-03-30,189744000.0
2024-03-31,180968500.0
2024-04-01,201406500.0
2024-04-02,204897000.0
2024-04-03,214452000.0
2024-04-04,209009500.0
2024-04-05,207903500.0
2024-04-06,194609500.0
2024-04-07,182375500.0
2024-04-08,206782500.0
2024-04-09,210774500.0
2024-04-10,209621500.0
2024-04-11,210263500.0
2024-04-12,205615500.0
2024-04-13,189568500.0
2024-04-14,178288000.0
2024-04-15,205883000.0
2024-04-16,207286500.0
2024-04-17,205733000.0
2024-04-18,204893000.0
2024-04-19,205281500.0
2024-04-20,191227500.0
2024-04-21,182103000.0
2024-04-22,204231500.0
2024-04-23,207136500.0
2024-04-24,207313000.0
2024-04-25,203481500.0
2024-04-26,204480000.0
2024-04-27,186130500.0
2024-04-28,175839000.0
2024-04-29,187679500.0
2024-04-30,194226000.0
2024-05-01,192762000.0
2024-05-02,187758000.0
2024-05-03,174017500.0
2024-05-04,173996000.0
2024-05-05,170059500.0
2024-05-06,181280000.0
2024-05-07,195881000.0
2024-05-08,204437500.0
2024-05-09,202547500.0
2024-05-10,202019000.0
2024-05-11,190731000.0
2024-05-12,184281500.0
2024-05-13,201260500.0
2024-05-14,204066500.0
2024-05-15,203568500.0
2024-05-16,201091500.0
2024-05-17,206379000.0
2024-05-18,192412500.0
2024-05-19,182488000.0
2024-05-20,205651000.0
2024-05-21,208763000.0
2024-05-22,210403500.0
2024-05-23,208959000.0
2024-05-24,212321500.0
2024-05-25,200153000.0
2024-05-26,190790000.0
2024-05-27,216543500.0
2024-05-28,208759500.0
2024-05-29,209851000.0
2024-05-30,207496500.0
2024-05-31,206023500.0
2024-06-01,193234500.0
2024-06-02,182919500.0
2024-06-03,206616000.0
2024-06-04,212644500.0
2024-06-05,211461000.0
2024-06-06,213364000.0
2024-06-07,217163000.0
2024-06-08,199600000.0
2024-06-09,189825000.0
2024-06-10,215817500.0
2024-06-11,224486500.0
2024-06-12,229261000.0
2024-06-13,236028000.0
2024-06-14,241365000.0
2024-06-15,216651000.0
2024-06-16,212835000.0
2024-06-17,226973500.0
2024-06-18,235259000.0
2024-06-19,240189500.0
2024-06-20,225232000.0
2024-06-21,235269000.0
2024-06-22,222889500.0
2024-06-23,218680000.0
2024-06-24,237254500.0
2024-06-25,235427500.0
2024-06-26,229558500.0
2024-06-27,228433000.0
2024-06-28,233854000.0
2024-06-29,216702500.0
2024-06-30,222571000.0
2024-07-01,250168000.0
2024-07-02,272726000.0
2024-07-03,279467500.0
2024-07-04,279199500.0
2024-07-05,282988500.0
2024-07-06,263677000.0
2024-07-07,254100000.0
2024-07-08,286353500.0
2024-07-09,293703000.0
2024-07-10,286277000.0
2024-07-11,262780500.0
2024-07-12,250598500.0
2024-07-13,235793500.0
2024-07-14,220381000.0
2024-07-15,221637000.0
2024-07-16,250345500.0
2024-07-17,276693500.0
2024-07-18,281349000.0
2024-07-19,289348000.0
2024-07-20,271428500.0
2024-07-21,262842000.0
2024-07-22,300631500.0
2024-07-23,304741000.0
2024-07-24,301536500.0
2024-07-25,308464500.0
2024-07-26,308172500.0
2024-07-27,284064500.0
2024-07-28,268396500.0
2024-07-29,303632500.0
2024-07-30,310154500.0
2024-07-31,310917500.0
2024-08-01,314316000.0
2024-08-02,319605000.0
2024-08-03,291918500.0
2024-08-04,282135000.0
2024-08-05,317423500.0
2024-08-06,320317000.0
2024-08-07,322280500.0
2024-08-08,321608500.0
2024-08-09,312647000.0
2024-08-10,286423500.0
2024-08-11,267140500.0
2024-08-12,265395000.0
2024-08-13,266310500.0
2024-08-14,259208000.0
2024-08-15,254406000.0
2024-08-16,272899500.0
2024-08-17,273255000.0
2024-08-18,261282000.0
2024-08-19,287657500.0
2024-08-20,310938500.0
2024-08-21,311891500.0
2024-08-22,314638500.0
2024-08-23,311619000.0
2024-08-24,279163500.0
2024-08-25,259854500.0
2024-08-26,296370500.0
2024-08-27,301549500.0
2024-08-28,278163500.0
2024-08-29,232045500.0
2024-08-30,223397500.0
2024-08-31,249754500.0
2024-09-01,247452000.0
2024-09-02,269233000.0
2024-09-03,275353000.0
2024-09-04,276596500.0
2024-09-05,281044000.0
2024-09-06,284429000.0
2024-09-07,263478000.0
2024-09-08,256991000.0
2024-09-09,290069000.0
2024-09-10,289801500.0
2024-09-11,296542000.0
2024-09-12,303494500.0
2024-09-13,305476000.0
2024-09-14,274807000.0
2024-09-15,261987000.0
2024-09-16,279631500.0
2024-09-17,301978500.0
2024-09-18,306672500.0
2024-09-19,309949000.0
2024-09-20,305638500.0
2024-09-21,266330500.0
2024-09-22,224550000.0
2024-09-23,222764000.0
2024-09-24,248338500.0
2024-09-25,248909000.0
2024-09-26,254557000.0
2024-09-27,261321500.0
2024-09-28,234794000.0
2024-09-29,220029500.0
2024-09-30,249122500.0
2024-10-01,254742000.0
2024-10-02,227183500.0
2024-10-03,221272500.0
2024-10-04,223692000.0
2024-10-05,207817500.0
2024-10-06,201238000.0
2024-10-07,223320500.0
2024-10-08,221950500.0
2024-10-09,218083500.0
2024-10-10,217923500.0
2024-10-11,215936000.0
2024-10-12,195663000.0
2024-10-13,186127500.0
2024-10-14,198935500.0
2024-10-15,222565000.0
2024-10-16,231647500.0
2024-10-17,232659500.0
2024-10-18,242534000.0
2024-10-19,216047000.0
2024-10-20,182716500.0
2024-10-21,214254000.0
2024-10-22,227752000.0
2024-10-23,218400500.0
2024-10-24,210219500.0
2024-10-25,211755000.0
2024-10-26,197714500.0
2024-10-27,186446500.0
2024-10-28,208148000.0
2024-10-29,213277500.0
2024-10-30,211597500.0
2024-10-31,210279000.0
2024-11-01,215416000.0
2024-11-02,200986500.0
2024-11-03,179624500.0
2024-11-04,189459500.0
2024-11-05,204293500.0
2024-11-06,207167500.0
2024-11-07,206370500.0
2024-11-08,208369500.0
2024-11-09,193345000.0
2024-11-10,183663000.0
2024-11-11,204651000.0
2024-11-12,208226500.0
2024-11-13,210626500.0
2024-11-14,210520000.0
2024-11-15,215243500.0
2024-11-16,200147500.0
2024-11-17,182044000.0
2024-11-18,210053500.0
2024-11-19,220352500.0
2024-11-20,220014000.0
2024-11-21,217866000.0
2024-11-22,220312500.0
2024-11-23,210195000.0
2024-11-24,199708000.0
2024-11-25,220113000.0
2024-11-26,233089000.0
2024-11-27,238293000.0
2024-11-28,246250000.0
2024-11-29,249667500.0
2024-11-30,224059500.0
2024-12-01,204335000.0
2024-12-02,221876000.0
2024-12-03,229956000.0
2024-12-04,240676500.0
2024-12-05,248770500.0
2024-12-06,246732500.0
2024-12-07,231852500.0
2024-12-08,229117500.0
2024-12-09,261361500.0
2024-12-10,261437500.0
2024-12-11,260703000.0
2024-12-12,257671500.0
2024-12-13,265284000.0
2024-12-14,247282000.0
2024-12-15,239626000.0
2024-12-16,263739000.0
2024-12-17,268131500.0
2024-12-18,277049500.0
2024-12-19,280674000.0
2024-12-20,276700500.0
2024-12-21,252567000.0
2024-12-22,247307500.0
2024-12-23,277871500.0
2024-12-24,275322500.0
2024-12-25,272790000.0
2024-12-26,259813500.0
2024-12-27,259129000.0
2024-12-28,251478000.0
2024-12-29,236030500.0
2024-12-30,228339500.0
2024-12-31,208935000.0
2025-01-01,208599000.0
2025-01-02,208191500.0
2025-01-03,220058000.0
2025-01-04,240151000.0
2025-01-05,242147500.0
2025-01-06,260176000.0
2025-01-07,279886500.0
2025-01-08,283362000.0
2025-01-09,303961000.0
2025-01-10,321268000.0
2025-01-11,289188000.0
2025-01-12,266639500.0
2025-01-13,267325500.0
2025-01-14,277763000.0
2025-01-15,288435500.0
2025-01-16,305863500.0
2025-01-17,285917500.0
2025-01-18,254983000.0
2025-01-19,232122500.0
2025-01-20,259077500.0
2025-01-21,266984500.0
2025-01-22,266056000.0
2025-01-23,261949500.0
2025-01-24,257071000.0
2025-01-25,236072500.0
2025-01-26,229408500.0
2025-01-27,274778500.0
2025-01-28,297052000.0
2025-01-29,300709500.0
2025-01-30,289302500.0
2025-01-31,280709500.0
2025-02-01,257952500.0
2025-02-02,228822000.0
2025-02-03,267903000.0
2025-02-04,315081000.0
2025-02-05,326794000.0
2025-02-06,317339000.0
2025-02-07,321992000.0
2025-02-08,300669000.0
2025-02-09,280374500.0
2025-02-10,301868500.0
2025-02-11,271010500.0
2025-02-12,282849000.0
2025-02-13,273056000.0
2025-02-14,281171000.0
2025-02-15,254237000.0
2025-02-16,228838500.0
2025-02-17,265611000.0
2025-02-18,287865500.0
2025-02-19,290148000.0
2025-02-20,287744000.0
2025-02-21,287837500.0
2025-02-22,275942000.0
2025-02-23,269138500.0
2025-02-24,276265500.0
2025-02-25,279944000.0
2025-02-26,261415000.0
2025-02-27,254586500.0
2025-02-28,245632000.0
2025-03-01,207614000.0
2025-03-02,192178500.0
2025-03-03,230301500.0
2025-03-04,253436000.0
2025-03-05,249637500.0
2025-03-06,255280500.0
2025-03-07,259662000.0
2025-03-08,233768500.0
2025-03-09,221005500.0
2025-03-10,243284500.0
2025-03-11,236286000.0
2025-03-12,229735000.0
2025-03-13,230603500.0
2025-03-14,228431000.0
2025-03-15,225420000.0
2025-03-16,221380000.0
2025-03-17,264550500.0
2025-03-18,284862000.0
2025-03-19,286689500.0
2025-03-20,241426000.0
2025-03-21,227744500.0
2025-03-22,198448500.0
2025-03-23,184164000.0
2025-03-24,206570500.0
2025-03-25,205771500.0
2025-03-26,206351000.0
2025-03-27,212706000.0
2025-03-28,217832500.0
2025-03-29,208563500.0
2025-03-30,213231000.0
2025-03-31,244913500.0
2025-04-01,241193500.0
2025-04-02,233885500.0
2025-04-03,227002000.0
2025-04-04,225441000.0
2025-04-05,201960500.0
2025-04-06,187632500.0
2025-04-07,208566500.0
2025-04-08,209401500.0
2025-04-09,205763500.0
2025-04-10,209148000.0
2025-04-11,204417500.0
2025-04-12,191587000.0
2025-04-13,183021000.0
2025-04-14,214792000.0
2025-04-15,222428500.0
2025-04-16,210015500.0
2025-04-17,206823000.0
2025-04-18,208354000.0
2025-04-19,189999500.0
2025-04-20,182259500.0
2025-04-21,203584000.0
2025-04-22,209273000.0
2025-04-23,209759500.0
2025-04-24,205945500.0
2025-04-25,198564000.0
2025-04-26,185629500.0
2025-04-27,178994000.0
2025-04-28,192118000.0
2025-04-29,186650500.0
2025-04-30,192574000.0
2025-05-01,189924500.0
2025-05-02,185731500.0
2025-05-03,173061000.0
2025-05-04,165333500.0
2025-05-05,170699000.0
2025-05-06,178419000.0
2025-05-07,191636500.0
2025-05-08,202841000.0
2025-05-09,209711500.0
2025-05-10,186343500.0
2025-05-11,177081500.0
2025-05-12,197442000.0
2025-05-13,203987000.0
2025-05-14,204318000.0
2025-05-15,204959000.0
2025-05-16,209675500.0
2025-05-17,196029000.0
2025-05-18,181198500.0
2025-05-19,200183500.0
2025-05-20,218409000.0
2025-05-21,223949000.0
2025-05-22,216447500.0
2025-05-23,215203000.0
2025-05-24,195509500.0
2025-05-25,176248000.0
2025-05-26,195830500.0
2025-05-27,204286000.0
2025-05-28,207723500.0
2025-05-29,208318000.0
2025-05-30,205756500.0
2025-05-31,189897500.0
2025-06-01,180251000.0
2025-06-02,202818000.0
2025-06-03,207517500.0
2025-06-04,213666500.0
2025-06-05,214324500.0
2025-06-06,213117000.0
2025-06-07,199133500.0
2025-06-08,187708500.0
2025-06-09,213263000.0
2025-06-10,226520000.0
2025-06-11,221788500.0
2025-06-12,225952000.0
2025-06-13,234902500.0
2025-06-14,220770500.0
2025-06-15,213578000.0
2025-06-16,252834000.0
2025-06-17,255400000.0
2025-06-18,257662000.0
2025-06-19,259420500.0
2025-06-20,266094000.0
2025-06-21,248062500.0
2025-06-22,227888500.0
2025-06-23,240222500.0
2025-06-24,246172000.0
2025-06-25,254549000.0
2025-06-26,256009500.0
2025-06-27,261049500.0
2025-06-28,245974500.0
2025-06-29,246434500.0
2025-06-30,278429000.0
2025-07-01,289102000.0
2025-07-02,291637500.0
2025-07-03,295105000.0
2025-07-04,299664500.0
2025-07-05,273205000.0
2025-07-06,261018000.0
2025-07-07,295689000.0
2025-07-08,301964500.0
2025-07-09,304167000.0
2025-07-10,293170500.0
2025-07-11,288630000.0
2025-07-12,260328500.0
2025-07-13,248403500.0
2025-07-14,263473000.0
2025-07-15,271172000.0
2025-07-16,270073500.0
2025-07-17,284649500.0
2025-07-18,265276000.0
2025-07-19,254162000.0
2025-07-20,246377000.0
2025-07-21,262055000.0
2025-07-22,293680000.0
2025-07-23,297075500.0
2025-07-24,298643500.0
2025-07-25,294896000.0
2025-07-26,265675000.0
2025-07-27,253146500.0
2025-07-28,294594500.0
2025-07-29,297874500.0
2025-07-30,292426500.0
2025-07-31,291444500.0
2025-08-01,296134500.0
2025-08-02,270010500.0
2025-08-03,257935000.0
2025-08-04,287873000.0
2025-08-05,298973500.0
2025-08-06,300114000.0
2025-08-07,283129500.0
2025-08-08,269972500.0
2025-08-09,236680000.0
2025-08-10,225859500.0
2025-08-11,226628000.0
2025-08-12,253221500.0
2025-08-13,257686000.0
2025-08-14,254023000.0
2025-08-15,254466500.0
2025-08-16,264452000.0
2025-08-17,257249000.0
2025-08-18,289519500.0
2025-08-19,292340000.0
2025-08-20,291919000.0
2025-08-21,287870000.0
2025-08-22,283384500.0
2025-08-23,269429500.0
2025-08-24,259441000.0
2025-08-25,291973500.0
2025-08-26,295762500.0
2025-08-27,293952500.0
2025-08-28,294723500.0
2025-08-29,298344000.0
2025-08-30,277205000.0
2025-08-31,257457000.0
2025-09-01,294343500.0
2025-09-02,289838000.0
2025-09-03,297765000.0
2025-09-04,273899000.0
2025-09-05,287735000.0
2025-09-06,269773000.0
2025-09-07,257531000.0
2025-09-08,289617500.0
2025-09-09,296674500.0
2025-09-10,269927000.0
2025-09-11,274358000.0
2025-09-12,278800500.0
2025-09-13,259412000.0
2025-09-14,250119500.0
2025-09-15,260588500.0
2025-09-16,287260500.0
2025-09-17,282820000.0
2025-09-18,266368000.0
2025-09-19,267048000.0
2025-09-20,240910000.0
2025-09-21,223501500.0
2025-09-22,243364500.0
2025-09-23,233812500.0
2025-09-24,259211000.0
2025-09-25,268458500.0
2025-09-26,266711500.0
2025-09-27,229064000.0
2025-09-28,216488000.0
2025-09-29,241750000.0
2025-09-30,234029000.0
2025-10-01,237500500.0
2025-10-02,237671500.0
2025-10-03,231412500.0
2025-10-04,223130500.0
2025-10-05,216611500.0
2025-10-06,245533500.0
2025-10-07,253491000.0
2025-10-08,250404000.0
2025-10-09,245115500.0
2025-10-10,238848000.0
2025-10-11,226193000.0
2025-10-12,219092500.0
2025-10-13,224014500.0
2025-10-14,247917500.0
2025-10-15,250001000.0
2025-10-16,250525000.0
2025-10-17,243837000.0
2025-10-18,222603500.0
2025-10-19,198027000.0
2025-10-20,214708000.0
2025-10-21,213332500.0
2025-10-22,210623000.0
2025-10-23,210769500.0
2025-10-24,208390500.0
2025-10-25,194052500.0
2025-10-26,186838500.0
2025-10-27,202099500.0
2025-10-28,206353000.0
2025-10-29,207058000.0
2025-10-30,205340500.0
2025-10-31,211260500.0
2025-11-01,188703500.0
2025-11-02,180284000.0
2025-11-03,186864500.0
2025-11-04,206238500.0
2025-11-05,209586000.0
2025-11-06,204853500.0
2025-11-07,205535000.0
2025-11-08,191317500.0
2025-11-09,186718500.0
2025-11-10,199436000.0
2025-11-11,215384500.0
2025-11-12,215547000.0
2025-11-13,218719500.0
2025-11-14,213382000.0
2025-11-15,193536500.0
2025-11-16,185045500.0
2025-11-17,210890500.0
2025-11-18,235961500.0
2025-11-19,245028000.0
2025-11-20,233746000.0
2025-11-21,229118000.0
2025-11-22,210212000.0
2025-11-23,198468000.0
2025-11-24,205885500.0
2025-11-25,224341000.0
2025-11-26,233163500.0
2025-11-27,236269000.0
2025-11-28,238774500.0
2025-11-29,218682000.0
2025-11-30,201061500.0
2025-12-01,223675500.0
2025-12-02,230348000.0
2025-12-03,253699000.0
2025-12-04,265466000.0
2025-12-05,262436000.0
2025-12-06,240656000.0
2025-12-07,210198000.0
2025-12-08,234126000.0
2025-12-09,249406500.0
2025-12-10,250775000.0
2025-12-11,248425000.0
2025-12-12,247187500.0
2025-12-13,239957000.0
2025-12-14,222975000.0
2025-12-15,256985500.0
2025-12-16,260272500.0
2025-12-17,259643000.0
2025-12-18,250459500.0
2025-12-19,245161500.0
2025-12-20,212575500.0
2025-12-21,207499500.0
2025-12-22,245292500.0
2025-12-23,246972500.0
2025-12-24,240444500.0
2025-12-25,249558000.0
2025-12-26,285234000.0
2025-12-27,263951500.0
2025-12-28,239287000.0
2025-12-29,227315500.0
2025-12-30,211307000.0
2025-12-31,215934000.0
2026-01-01,220778500.0
2026-01-02,242929500.0
2026-01-03,237587500.0
2026-01-04,239101500.0
2026-01-05,259689500.0
2026-01-06,271932000.0
2026-01-07,274488000.0
2026-01-08,284362500.0
2026-01-09,289064000.0
2026-01-10,248305500.0
2026-01-11,260149500.0
2026-01-12,274120000.0
2026-01-13,267326000.0
2026-01-14,270963500.0
2026-01-15,264545000.0
2026-01-16,247943000.0
2026-01-17,227345500.0
2026-01-18,223744500.0
2026-01-19,245045000.0
2026-01-20,266452500.0
2026-01-21,291918500.0
2026-01-22,313009500.0
2026-01-23,307987000.0
2026-01-24,274154500.0
2026-01-25,258474500.0
2026-01-26,293823000.0
2026-01-27,286413000.0
2026-01-28,289356000.0
2026-01-29,294119500.0
2026-01-30,291301000.0
2026-01-31,271380500.0
2026-02-01,256198500.0
2026-02-02,290444500.0
2026-02-03,290533500.0
2026-02-04,278101500.0
2026-02-05,267672000.0
2026-02-06,260693500.0
2026-02-07,260331500.0
2026-02-08,291183500.0
2026-02-09,304694000.0
2026-02-10,297437000.0
2026-02-11,254615000.0
2026-02-12,264784000.0
2026-02-13,267093000.0
2026-02-14,244796000.0
2026-02-15,210298500.0
2026-02-16,246286500.0
2026-02-17,252922500.0
2026-02-18,253414000.0
2026-02-19,257255000.0
2026-02-20,247964500.0
2026-02-21,224612000.0
2026-02-22,200282000.0
2026-02-23,211333000.0
2026-02-24,241732500.0
2026-02-25,234979000.0
2026-02-26,227069500.0
2026-02-27,230836500.0
2026-02-28,209479000.0
2026-03-01,195138500.0
2026-03-02,234750500.0
2026-03-03,236314000.0
2026-03-04,236488500.0
2026-03-05,234165000.0
2026-03-06,246551500.0
2026-03-07,230157500.0
2026-03-08,222395000.0
2026-03-09,248198500.0
2026-03-10,248416000.0
2026-03-11,250071000.0
2026-03-12,246026000.0
2026-03-13,248261500.0
2026-03-14,223860500.0
2026-03-15,206671000.0
2026-03-16,230818000.0
2026-03-17,228560000.0
2026-03-18,244179000.0
2026-03-19,227231000.0
2026-03-20,211572000.0
2026-03-21,204995000.0
2026-03-22,198797000.0
2026-03-23,212166500.0
2026-03-24,216377500.0
2026-03-25,229087000.0
2026-03-26,215453000.0
2026-03-27,214864000.0
2026-03-28,196658500.0
2026-03-29,184874500.0
2026-03-30,207031000.0
2026-03-31,208750500.0
2026-04-01,220837000.0
2026-04-02,212849500.0
2026-04-03,210390500.0
2026-04-04,196026000.0
2026-04-05,179715500.0
2026-04-06,202772000.0
2026-04-07,208522500.0
2026-04-08,214475500.0
2026-04-09,216422000.0
2026-04-10,210665000.0
2026-04-11,189483000.0
2026-04-12,179983500.0
2026-04-13,205143500.0
2026-04-14,211752500.0
2026-04-15,210650500.0
2026-04-16,204469000.0
2026-04-17,206710000.0
2026-04-18,190888000.0
2026-04-19,177012000.0
2026-04-20,201250000.0
2026-04-21,204012500.0
2026-04-22,206104500.0
2026-04-23,211258500.0
2026-04-24,204171000.0
2026-04-25,187647500.0
2026-04-26,180586500.0
2026-04-27,196944500.0
2026-04-28,201194500.0
2026-04-29,186996000.0
2026-04-30,195884500.0
2026-05-01,188583500.0
2026-05-02,175074000.0
2026-05-03,174154000.0
2026-05-04,168361500.0
2026-05-05,168985500.0
2026-05-06,176812000.0
2026-05-07,196592000.0
2026-05-08,202013000.0
2026-05-09,184969000.0
2026-05-10,177940000.0
2026-05-11,200057500.0
2026-05-12,205079500.0
2026-05-13,207041500.0
2026-05-14,210113000.0
2026-05-15,214271000.0
2026-05-16,199989500.0
2026-05-17,187492500.0
2026-05-18,216287000.0
2026-05-19,223059500.0
2026-05-20,234456500.0
2026-05-21,231094500.0
2026-05-22,217117000.0
2026-05-23,201706500.0
2026-05-24,195020500.0
2026-05-25,233620000.0
2026-05-26,236565000.0
2026-05-27,231251500.0
2026-05-28,234029500.0
2026-05-29,233908500.0
2026-05-30,208412500.0
2026-05-31,203915500.0
2026-06-01,228744000.0
2026-06-02,226368000.0
2026-06-03,228035000.0
2026-06-04,225318500.0
2026-06-05,228093500.0
2026-06-06,207721500.0
2026-06-07,198831500.0
2026-06-08,220688500.0
2026-06-09,216548000.0
2026-06-10,219514000.0
2026-06-11,223058000.0
2026-06-12,223289000.0
2026-06-13,204049500.0
2026-06-14,190671000.0
2026-06-15,222176500.0
2026-06-16,230648000.0
2026-06-17,231669000.0
2026-06-18,236270500.0
2026-06-19,240364000.0
2026-06-20,224332500.0
2026-06-21,207771000.0
2026-06-22,223399500.0
2026-06-23,221049500.0
2026-06-24,224495500.0
2026-06-25,233666500.0
2026-06-26,226440000.0
2026-06-27,205485500.0
2026-06-28,197322500.0
2026-06-29,228609500.0
2026-06-30,233341500.0
2026-07-01,237072000.0
2026-07-02,239301500.0
2026-07-03,234031500.0
2026-07-04,220569500.0
2026-07-05,214339000.0
2026-07-06,247190000.0
2026-07-07,265064500.0
2026-07-08,272714500.0
2026-07-09,274419000.0
2026-07-10,281051000.0
2026-07-11,271511000.0
2026-07-12,261345500.0
2026-07-13,293329000.0
2026-07-14,298118500.0
2026-07-15,294110000.0
2026-07-16,295606500.0
2026-07-17,292007000.0
2026-07-18,267182000.0
2026-07-19,261190000.0
2026-07-20,274615000.0
2026-07-21,304609000.0
2026-07-22,307224500.0
2026-07-23,309980500.0
2026-07-24,309044000.0
2026-07-25,281681000.0
2026-07-26,271276500.0
2026-07-27,311290500.0
2026-07-28,313315500.0
2026-07-29,298422000.0
2026-07-30,299990000.0
2026-07-31,296899500.0
2026-08-01,281534500.0
2026-08-02,276293500.0
2026-08-03,317312500.0
2026-08-04,317139000.0
2026-08-05,310084000.0
2026-08-06,305469500.0
2026-08-07,297507000.0
2026-08-08,264183500.0
2026-08-09,238590500.0
2026-08-10,258437000.0
2026-08-11,240456500.0
2026-08-12,240562000.0
2026-08-13,236942000.0
2026-08-14,235811000.0
2026-08-15,231830500.0
2026-08-16,227146500.0
2026-08-17,271233000.0
2026-08-18,287317500.0
2026-08-19,292882500.0
2026-08-20,299608500.0
2026-08-21,302260500.0
2026-08-22,276781500.0
2026-08-23,265555500.0
2026-08-24,298964000.0
2026-08-25,305983500.0
2026-08-26,311438500.0
2026-08-27,304850500.0
2026-08-28,305790500.0
2026-08-29,278777000.0
2026-08-30,264712000.0
2026-08-31,298623000.0
2026-09-01,302250500.0
2026-09-02,303774500.0
2026-09-03,277090500.0
2026-09-04,253739500.0
2026-09-05,226999500.0
2026-09-06,213623000.0
2026-09-07,261397500.0
2026-09-08,261840000.0
2026-09-09,250474500.0
2026-09-10,238643000.0
2026-09-11,246296500.0
2026-09-12,233275000.0
2026-09-13,226604000.0
2026-09-14,247642500.0
2026-09-15,252980000.0
2026-09-16,247315500.0
2026-09-17,252311000.0
2026-09-18,244293500.0
2026-09-19,222959000.0
2026-09-20,212146000.0
2026-09-21,207492500.0
2026-09-22,212806000.0
2026-09-23,214360500.0
2026-09-24,236734000.0
2026-09-25,237762500.0
2026-09-26,216130000.0
2026-09-27,203986500.0
2026-09-28,233310000.0
2026-09-29,227103500.0
2026-09-30,227795000.0
2026-10-01,225259500.0
